tick,hour_of_week,tick_Wh,sleep_nodes,alive_capacity_fraction
0,0,1368.3083333333334,23,0.7002551020408163
1,0,1034.975,43,0.4247448979591837
2,0,1034.975,43,0.4247448979591837
3,0,1034.975,43,0.4247448979591837
4,0,1034.975,43,0.4247448979591837
5,0,1051.6416666666667,42,0.44260204081632654
6,0,1051.6416666666667,42,0.44260204081632654
7,0,1051.6416666666667,42,0.44260204081632654
8,0,1051.6416666666667,42,0.44260204081632654
9,0,1051.6416666666667,42,0.44260204081632654
10,0,1051.6416666666667,42,0.44260204081632654
11,0,1051.6416666666667,42,0.44260204081632654
12,1,1051.6416666666667,42,0.44260204081632654
13,1,1051.6416666666667,42,0.44260204081632654
14,1,1051.6416666666667,42,0.44260204081632654
15,1,1051.6416666666667,42,0.44260204081632654
16,1,1051.6416666666667,42,0.44260204081632654
17,1,1051.6416666666667,42,0.44260204081632654
18,1,1051.6416666666667,42,0.44260204081632654
19,1,1051.6416666666667,42,0.44260204081632654
20,1,1051.6416666666667,42,0.44260204081632654
21,1,1051.6416666666667,42,0.44260204081632654
22,1,1051.6416666666667,42,0.44260204081632654
23,1,1051.6416666666667,42,0.44260204081632654
24,2,1051.6416666666667,42,0.44260204081632654
25,2,1051.6416666666667,42,0.44260204081632654
26,2,1051.6416666666667,42,0.44260204081632654
27,2,1051.6416666666667,42,0.44260204081632654
28,2,1051.6416666666667,42,0.44260204081632654
29,2,1051.6416666666667,42,0.44260204081632654
30,2,1051.6416666666667,42,0.44260204081632654
31,2,1051.6416666666667,42,0.44260204081632654
32,2,1051.6416666666667,42,0.44260204081632654
33,2,1051.6416666666667,42,0.44260204081632654
34,2,1051.6416666666667,42,0.44260204081632654
35,2,1051.6416666666667,42,0.44260204081632654
36,3,1051.6416666666667,42,0.44260204081632654
37,3,1051.6416666666667,42,0.44260204081632654
38,3,1051.6416666666667,42,0.44260204081632654
39,3,1051.6416666666667,42,0.44260204081632654
40,3,1051.6416666666667,42,0.44260204081632654
41,3,1051.6416666666667,42,0.44260204081632654
42,3,1051.6416666666667,42,0.44260204081632654
43,3,1051.6416666666667,42,0.44260204081632654
44,3,1051.6416666666667,42,0.44260204081632654
45,3,1051.6416666666667,42,0.44260204081632654
46,3,1051.6416666666667,42,0.44260204081632654
47,3,1051.6416666666667,42,0.44260204081632654
48,4,1051.6416666666667,42,0.44260204081632654
49,4,1051.6416666666667,42,0.44260204081632654
50,4,1051.6416666666667,42,0.44260204081632654
51,4,1051.6416666666667,42,0.44260204081632654
52,4,1051.6416666666667,42,0.44260204081632654
53,4,1051.6416666666667,42,0.44260204081632654
54,4,1051.6416666666667,42,0.44260204081632654
55,4,1051.6416666666667,42,0.44260204081632654
56,4,1051.6416666666667,42,0.44260204081632654
57,4,1051.6416666666667,42,0.44260204081632654
58,4,1051.6416666666667,42,0.44260204081632654
59,4,1051.6416666666667,42,0.44260204081632654
60,5,1051.6416666666667,42,0.44260204081632654
61,5,1051.6416666666667,42,0.44260204081632654
62,5,1051.6416666666667,42,0.44260204081632654
63,5,1051.6416666666667,42,0.44260204081632654
64,5,1051.6416666666667,42,0.44260204081632654
65,5,1051.6416666666667,42,0.44260204081632654
66,5,1051.6416666666667,42,0.44260204081632654
67,5,1051.6416666666667,42,0.44260204081632654
68,5,1051.6416666666667,42,0.44260204081632654
69,5,1051.6416666666667,42,0.44260204081632654
70,5,1051.6416666666667,42,0.44260204081632654
71,5,1051.6416666666667,42,0.44260204081632654
72,6,1051.6416666666667,42,0.44260204081632654
73,6,1051.6416666666667,42,0.44260204081632654
74,6,1051.6416666666667,42,0.44260204081632654
75,6,1051.6416666666667,42,0.44260204081632654
76,6,1051.6416666666667,42,0.44260204081632654
77,6,1051.6416666666667,42,0.44260204081632654
78,6,1051.6416666666667,42,0.44260204081632654
79,6,1051.6416666666667,42,0.44260204081632654
80,6,1051.6416666666667,42,0.44260204081632654
81,6,1051.6416666666667,42,0.44260204081632654
82,6,1051.6416666666667,42,0.44260204081632654
83,6,1051.6416666666667,42,0.44260204081632654
84,7,1767.2077345385555,0,1.0
85,7,1766.772679108047,0,1.0
86,7,1766.9311799649163,0,1.0
87,7,1786.4071057014025,0,1.0
88,7,1786.4082920988715,0,1.0
89,7,1786.7016042919267,0,1.0
90,7,1787.1002925664438,0,1.0
91,7,1786.75824067632,0,1.0
92,7,1786.4351517937516,0,1.0
93,7,1786.4654506153875,0,1.0
94,7,1786.668937502612,0,1.0
95,7,1787.3335471348785,0,1.0
96,8,1786.6504599980192,0,1.0
97,8,1786.998525816809,0,1.0
98,8,1786.5430308294265,0,1.0
99,8,1786.6711840188254,0,1.0
100,8,1786.531276876089,0,1.0
101,8,1786.979068356028,0,1.0
102,8,1787.0197619378,0,1.0
103,8,1786.8321825365977,0,1.0
104,8,1786.6385729069218,0,1.0
105,8,1786.6984240356326,0,1.0
106,8,1786.5782557964149,0,1.0
107,8,1786.035723483776,0,1.0
108,9,1786.7932400637415,0,1.0
109,9,1786.6555472786813,0,1.0
110,9,1786.4780236236113,0,1.0
111,9,1786.8356840737126,0,1.0
112,9,1786.5357056148678,0,1.0
113,9,1786.984990291549,0,1.0
114,9,1786.5091845630786,0,1.0
115,9,1786.8371383375963,0,1.0
116,9,1786.9207083233414,0,1.0
117,9,1786.756770396318,0,1.0
118,9,1786.7522962964933,0,1.0
119,9,1786.682599560996,0,1.0
120,10,1787.0103101671393,0,1.0
121,10,1787.0242743242625,0,1.0
122,10,1786.514758762003,0,1.0
123,10,1786.7271817957298,0,1.0
124,10,1786.4215808101783,0,1.0
125,10,1787.3678164026492,0,1.0
126,10,1787.8886953913325,0,1.0
127,10,1786.9158090329443,0,1.0
128,10,1787.9600897019964,0,1.0
129,10,1786.8311260114108,0,1.0
130,10,1788.3358917537084,0,1.0
131,10,1786.5297629901133,0,1.0
132,11,1786.9591666275737,0,1.0
133,11,1787.1619134231473,0,1.0
134,11,1786.9400447020744,0,1.0
135,11,1787.897628967692,0,1.0
136,11,1787.2772160550114,0,1.0
137,11,1786.7985755594593,0,1.0
138,11,1787.1425541648189,0,1.0
139,11,1786.84602286792,0,1.0
140,11,1787.3404433104574,0,1.0
141,11,1787.4309362014492,0,1.0
142,11,1787.6198561882932,0,1.0
143,11,1787.079620693159,0,1.0
144,12,1787.3622632450315,0,1.0
145,12,1787.3177008892417,0,1.0
146,12,1787.14310261179,0,1.0
147,12,1786.9469751729398,0,1.0
148,12,1786.7610071896133,0,1.0
149,12,1787.6537909099966,0,1.0
150,12,1787.7449662548672,0,1.0
151,12,1787.5580915128305,0,1.0
152,12,1787.1850490448116,0,1.0
153,12,1787.0619780906839,0,1.0
154,12,1787.0336506298781,0,1.0
155,12,1788.6846632603197,0,1.0
156,13,1787.3168701138266,0,1.0
157,13,1787.0683134761357,0,1.0
158,13,1787.9267953334352,0,1.0
159,13,1787.0055388468231,0,1.0
160,13,1787.3782405715965,0,1.0
161,13,1787.3415791857792,0,1.0
162,13,1787.5137706731175,0,1.0
163,13,1787.7926409742188,0,1.0
164,13,1787.1505044439687,0,1.0
165,13,1787.0508745112613,0,1.0
166,13,1787.2615071080647,0,1.0
167,13,1787.873304050989,0,1.0
168,14,1786.9277120360248,0,1.0
169,14,1787.2574837726493,0,1.0
170,14,1786.9694656134297,0,1.0
171,14,1786.6810356345825,0,1.0
172,14,1787.5778772169324,0,1.0
173,14,1786.879659298837,0,1.0
174,14,1788.5108517740196,0,1.0
175,14,1790.3707149634947,0,1.0
176,14,1786.8643509925414,0,1.0
177,14,1787.2577486673365,0,1.0
178,14,1786.836060453816,0,1.0
179,14,1787.4316937585993,0,1.0
180,15,1788.9572374577242,0,1.0
181,15,1787.2022879211258,0,1.0
182,15,1787.0549999825216,0,1.0
183,15,1787.2943095193443,0,1.0
184,15,1786.8599669150121,0,1.0
185,15,1786.697021135209,0,1.0
186,15,1787.1682452210866,0,1.0
187,15,1787.8270513617902,0,1.0
188,15,1788.0713746267304,0,1.0
189,15,1786.6594742326351,0,1.0
190,15,1787.2302692293435,0,1.0
191,15,1787.0876639696792,0,1.0
192,16,1786.4875814504214,0,1.0
193,16,1786.974316436767,0,1.0
194,16,1786.6980951060063,0,1.0
195,16,1786.6626463627476,0,1.0
196,16,1787.2685453575368,0,1.0
197,16,1787.0018887345018,0,1.0
198,16,1786.5740353525784,0,1.0
199,16,1787.2391214329239,0,1.0
200,16,1786.9929251880471,0,1.0
201,16,1786.7454969633477,0,1.0
202,16,1786.8716155954764,0,1.0
203,16,1787.0475134617704,0,1.0
204,17,1786.8482517987418,0,1.0
205,17,1787.7984422085483,0,1.0
206,17,1787.4674965231366,0,1.0
207,17,1788.5254374767721,0,1.0
208,17,1787.5231136924178,0,1.0
209,17,1787.7892382738528,0,1.0
210,17,1787.2099898332772,0,1.0
211,17,1787.247884138399,0,1.0
212,17,1787.9483246536224,0,1.0
213,17,1788.2834880702706,0,1.0
214,17,1788.2589291230108,0,1.0
215,17,1788.143507728706,0,1.0
216,18,1787.5764169493787,0,1.0
217,18,1787.4039803272856,0,1.0
218,18,1787.6835589518428,0,1.0
219,18,1789.374181530194,0,1.0
220,18,1788.0804595216273,0,1.0
221,18,1787.5481029291745,0,1.0
222,18,1788.0145147755434,0,1.0
223,18,1787.707580220154,0,1.0
224,18,1788.7107600271315,0,1.0
225,18,1789.043244941486,0,1.0
226,18,1788.7530227363707,0,1.0
227,18,1787.9477412409487,0,1.0
228,19,1787.5897067790895,0,1.0
229,19,1788.8278810968006,0,1.0
230,19,1787.7737015922453,0,1.0
231,19,1787.9124231649332,0,1.0
232,19,1788.1716690735332,0,1.0
233,19,1788.4579195016809,0,1.0
234,19,1788.1488906192544,0,1.0
235,19,1787.9536724565164,0,1.0
236,19,1788.1809873172426,0,1.0
237,19,1788.0033020055544,0,1.0
238,19,1788.3246979170622,0,1.0
239,19,1788.6449824162514,0,1.0
240,20,1788.0514625724072,0,1.0
241,20,1788.18828376978,0,1.0
242,20,1788.3876402303667,0,1.0
243,20,1789.3724406555875,0,1.0
244,20,1788.8839907289816,0,1.0
245,20,1788.1234904272378,0,1.0
246,20,1788.1710834927774,0,1.0
247,20,1787.8040108671976,0,1.0
248,20,1788.789815683753,0,1.0
249,20,1789.9414193999912,0,1.0
250,20,1789.8641885552834,0,1.0
251,20,1791.138324746533,0,1.0
252,21,1788.809121096655,0,1.0
253,21,1788.7239240865788,0,1.0
254,21,1787.9654790077639,0,1.0
255,21,1789.203692145731,0,1.0
256,21,1788.3506581945562,0,1.0
257,21,1789.7443401155097,0,1.0
258,21,1789.1825627317933,0,1.0
259,21,1788.30457425166,0,1.0
260,21,1788.9954378463249,0,1.0
261,21,1788.3693210482666,0,1.0
262,21,1789.4386108746842,0,1.0
263,21,1789.3074780499264,0,1.0
264,22,1790.8838953803217,0,1.0
265,22,1789.1814189614647,0,1.0
266,22,1789.4454972466406,0,1.0
267,22,1788.8132241807798,0,1.0
268,22,1788.5226927344856,0,1.0
269,22,1789.4671525479575,0,1.0
270,22,1788.8084264967495,0,1.0
271,22,1789.077688056023,0,1.0
272,22,1788.8698784945077,0,1.0
273,22,1791.163013294091,0,1.0
274,22,1790.6023263188217,0,1.0
275,22,1788.8481139954395,0,1.0
276,23,1788.8176686101708,0,1.0
277,23,1789.1232433362793,0,1.0
278,23,1790.9595895767618,0,1.0
279,23,1789.7022112676682,0,1.0
280,23,1788.912979100561,0,1.0
281,23,1789.3328528046309,0,1.0
282,23,1788.9181679023409,0,1.0
283,23,1789.7996821284064,0,1.0
284,23,1789.293986761662,0,1.0
285,23,1788.5846079204798,0,1.0
286,23,1789.5001006395644,0,1.0
287,23,1789.1081856237615,0,1.0
288,24,789.5182131164121,58,0.4247448979591837
289,24,568.3083333333333,71,0.25552721088435376
290,24,501.64166666666665,75,0.19685374149659865
291,24,501.64166666666665,75,0.19685374149659865
292,24,501.64166666666665,75,0.19685374149659865
293,24,1034.975,43,0.4417517006802721
294,24,1051.6416666666667,42,0.44260204081632654
295,24,1051.6416666666667,42,0.44260204081632654
296,24,1051.6416666666667,42,0.44260204081632654
297,24,1051.6416666666667,42,0.44260204081632654
298,24,1051.6416666666667,42,0.44260204081632654
299,24,1051.6416666666667,42,0.44260204081632654
300,25,1051.6416666666667,42,0.44260204081632654
301,25,1051.6416666666667,42,0.44260204081632654
302,25,1051.6416666666667,42,0.44260204081632654
303,25,1051.6416666666667,42,0.44260204081632654
304,25,1051.6416666666667,42,0.44260204081632654
305,25,1051.6416666666667,42,0.44260204081632654
306,25,1051.6416666666667,42,0.44260204081632654
307,25,1051.6416666666667,42,0.44260204081632654
308,25,1051.6416666666667,42,0.44260204081632654
309,25,1051.6416666666667,42,0.44260204081632654
310,25,1051.6416666666667,42,0.44260204081632654
311,25,1051.6416666666667,42,0.44260204081632654
312,26,1051.6416666666667,42,0.44260204081632654
313,26,1051.6416666666667,42,0.44260204081632654
314,26,1051.6416666666667,42,0.44260204081632654
315,26,1051.6416666666667,42,0.44260204081632654
316,26,1051.6416666666667,42,0.44260204081632654
317,26,1051.6416666666667,42,0.44260204081632654
318,26,1051.6416666666667,42,0.44260204081632654
319,26,1051.6416666666667,42,0.44260204081632654
320,26,1051.6416666666667,42,0.44260204081632654
321,26,1051.6416666666667,42,0.44260204081632654
322,26,1051.6416666666667,42,0.44260204081632654
323,26,1051.6416666666667,42,0.44260204081632654
324,27,1051.6416666666667,42,0.44260204081632654
325,27,1051.6416666666667,42,0.44260204081632654
326,27,1051.6416666666667,42,0.44260204081632654
327,27,1051.6416666666667,42,0.44260204081632654
328,27,1051.6416666666667,42,0.44260204081632654
329,27,1051.6416666666667,42,0.44260204081632654
330,27,1051.6416666666667,42,0.44260204081632654
331,27,1051.6416666666667,42,0.44260204081632654
332,27,1051.6416666666667,42,0.44260204081632654
333,27,1051.6416666666667,42,0.44260204081632654
334,27,1051.6416666666667,42,0.44260204081632654
335,27,1051.6416666666667,42,0.44260204081632654
336,28,1051.6416666666667,42,0.44260204081632654
337,28,1051.6416666666667,42,0.44260204081632654
338,28,1051.6416666666667,42,0.44260204081632654
339,28,1051.6416666666667,42,0.44260204081632654
340,28,1051.6416666666667,42,0.44260204081632654
341,28,1051.6416666666667,42,0.44260204081632654
342,28,1051.6416666666667,42,0.44260204081632654
343,28,1051.6416666666667,42,0.44260204081632654
344,28,1051.6416666666667,42,0.44260204081632654
345,28,1051.6416666666667,42,0.44260204081632654
346,28,1051.6416666666667,42,0.44260204081632654
347,28,1051.6416666666667,42,0.44260204081632654
348,29,1051.6416666666667,42,0.44260204081632654
349,29,1051.6416666666667,42,0.44260204081632654
350,29,1051.6416666666667,42,0.44260204081632654
351,29,1051.6416666666667,42,0.44260204081632654
352,29,1051.6416666666667,42,0.44260204081632654
353,29,1051.6416666666667,42,0.44260204081632654
354,29,1051.6416666666667,42,0.44260204081632654
355,29,1051.6416666666667,42,0.44260204081632654
356,29,1051.6416666666667,42,0.44260204081632654
357,29,1051.6416666666667,42,0.44260204081632654
358,29,1051.6416666666667,42,0.44260204081632654
359,29,1051.6416666666667,42,0.44260204081632654
360,30,1051.6416666666667,42,0.44260204081632654
361,30,1051.6416666666667,42,0.44260204081632654
362,30,1051.6416666666667,42,0.44260204081632654
363,30,1051.6416666666667,42,0.44260204081632654
364,30,1051.6416666666667,42,0.44260204081632654
365,30,1051.6416666666667,42,0.44260204081632654
366,30,1051.6416666666667,42,0.44260204081632654
367,30,1051.6416666666667,42,0.44260204081632654
368,30,1051.6416666666667,42,0.44260204081632654
369,30,1051.6416666666667,42,0.44260204081632654
370,30,1051.6416666666667,42,0.44260204081632654
371,30,1051.6416666666667,42,0.44260204081632654
372,31,1767.022773385884,0,1.0
373,31,1766.956029676995,0,1.0
374,31,1766.8130273693853,0,1.0
375,31,1786.4323608789377,0,1.0
376,31,1786.670650216522,0,1.0
377,31,1786.6352553811375,0,1.0
378,31,1786.7939233041266,0,1.0
379,31,1786.6170886908026,0,1.0
380,31,1786.6081606643183,0,1.0
381,31,1786.8291258112286,0,1.0
382,31,1786.2042177668436,0,1.0
383,31,1786.7876854270207,0,1.0
384,32,1788.6218082244804,0,1.0
385,32,1786.4751355905548,0,1.0
386,32,1786.281729044466,0,1.0
387,32,1787.2881242653607,0,1.0
388,32,1786.9219217213304,0,1.0
389,32,1786.6759513346954,0,1.0
390,32,1786.468496690733,0,1.0
391,32,1786.349030629719,0,1.0
392,32,1786.4292788525368,0,1.0
393,32,1786.277907422419,0,1.0
394,32,1787.3905486593842,0,1.0
395,32,1786.2842320714064,0,1.0
396,33,1786.9672470048147,0,1.0
397,33,1786.4317098969464,0,1.0
398,33,1786.3621370059975,0,1.0
399,33,1786.9236113097388,0,1.0
400,33,1786.6913386180097,0,1.0
401,33,1786.2199946527694,0,1.0
402,33,1786.9796287730792,0,1.0
403,33,1787.586019905679,0,1.0
404,33,1786.7860938594895,0,1.0
405,33,1787.1938232096481,0,1.0
406,33,1787.1776357350675,0,1.0
407,33,1786.6595264093714,0,1.0
408,34,1786.8552084137004,0,1.0
409,34,1788.1136284016868,0,1.0
410,34,1786.8534889561283,0,1.0
411,34,1786.9644789508916,0,1.0
412,34,1786.7691144643286,0,1.0
413,34,1787.0322081199574,0,1.0
414,34,1786.9027872402476,0,1.0
415,34,1791.9368620008195,0,1.0
416,34,1786.4848464445543,0,1.0
417,34,1787.194035732503,0,1.0
418,34,1786.7603558827186,0,1.0
419,34,1786.515178777998,0,1.0
420,35,1786.7856457525652,0,1.0
421,35,1787.0204724441428,0,1.0
422,35,1787.7507418198015,0,1.0
423,35,1786.8384824594145,0,1.0
424,35,1787.5463795309936,0,1.0
425,35,1787.6519075267693,0,1.0
426,35,1786.9635450900842,0,1.0
427,35,1787.0827130706161,0,1.0
428,35,1787.4661976744965,0,1.0
429,35,1787.3294457999455,0,1.0
430,35,1787.3325741100734,0,1.0
431,35,1786.869984121676,0,1.0
432,36,1786.9035726570773,0,1.0
433,36,1786.9183202817242,0,1.0
434,36,1787.4564457920342,0,1.0
435,36,1787.5038380411247,0,1.0
436,36,1787.5064106036612,0,1.0
437,36,1788.0063308061426,0,1.0
438,36,1787.7005656821761,0,1.0
439,36,1787.6181262214986,0,1.0
440,36,1788.1735584233352,0,1.0
441,36,1787.1151602546884,0,1.0
442,36,1787.7321702828242,0,1.0
443,36,1786.9291353494223,0,1.0
444,37,1787.3999134257558,0,1.0
445,37,1787.738153245295,0,1.0
446,37,1786.9816480409402,0,1.0
447,37,1789.0794752263323,0,1.0
448,37,1787.4077417229703,0,1.0
449,37,1787.2170095378024,0,1.0
450,37,1786.9642804745627,0,1.0
451,37,1787.1181026885115,0,1.0
452,37,1787.4748431023995,0,1.0
453,37,1787.2696642694957,0,1.0
454,37,1787.484522983863,0,1.0
455,37,1786.9169157621418,0,1.0
456,38,1787.1326656481126,0,1.0
457,38,1787.2934907632382,0,1.0
458,38,1787.2263955351648,0,1.0
459,38,1786.828933526773,0,1.0
460,38,1789.4501074366692,0,1.0
461,38,1787.0931427984015,0,1.0
462,38,1786.9475720404066,0,1.0
463,38,1788.2805525114159,0,1.0
464,38,1787.6225063091426,0,1.0
465,38,1788.9105837607951,0,1.0
466,38,1790.3957122393624,0,1.0
467,38,1786.485507578509,0,1.0
468,39,1786.5243175862008,0,1.0
469,39,1786.8498617860844,0,1.0
470,39,1787.0724401858456,0,1.0
471,39,1787.068892985014,0,1.0
472,39,1786.6308417389373,0,1.0
473,39,1786.9048670760951,0,1.0
474,39,1786.8935252466772,0,1.0
475,39,1786.8356911994917,0,1.0
476,39,1786.9364021697888,0,1.0
477,39,1787.2132616815848,0,1.0
478,39,1786.7189061215051,0,1.0
479,39,1787.2771336962714,0,1.0
480,40,1786.938353819486,0,1.0
481,40,1787.8207889925025,0,1.0
482,40,1786.9937787563424,0,1.0
483,40,1787.2243405691554,0,1.0
484,40,1787.7962016957601,0,1.0
485,40,1788.2722782944966,0,1.0
486,40,1786.9247465455974,0,1.0
487,40,1786.787699524562,0,1.0
488,40,1786.5186124240367,0,1.0
489,40,1787.3304092090566,0,1.0
490,40,1786.706174069231,0,1.0
491,40,1786.764728996733,0,1.0
492,41,1788.3529158707852,0,1.0
493,41,1788.4596226790522,0,1.0
494,41,1787.2030617139708,0,1.0
495,41,1788.012667386493,0,1.0
496,41,1787.1884480849199,0,1.0
497,41,1787.1554112453427,0,1.0
498,41,1787.6300056231769,0,1.0
499,41,1787.5134926948558,0,1.0
500,41,1787.092645535362,0,1.0
501,41,1786.8654808845413,0,1.0
502,41,1787.833561932742,0,1.0
503,41,1786.8325401433171,0,1.0
504,42,1788.7500029625182,0,1.0
505,42,1787.7323998345305,0,1.0
506,42,1788.939856632844,0,1.0
507,42,1788.9713254035196,0,1.0
508,42,1787.7865538132364,0,1.0
509,42,1789.239934308051,0,1.0
510,42,1788.7982820522634,0,1.0
511,42,1787.6315280073609,0,1.0
512,42,1788.2115191310297,0,1.0
513,42,1788.7144977603677,0,1.0
514,42,1787.838959687306,0,1.0
515,42,1787.507013969575,0,1.0
516,43,1788.3385054194127,0,1.0
517,43,1787.7361075444423,0,1.0
518,43,1788.1858103640398,0,1.0
519,43,1788.2856530899949,0,1.0
520,43,1788.5552875521446,0,1.0
521,43,1789.56069298175,0,1.0
522,43,1788.2347316905566,0,1.0
523,43,1788.8889441921694,0,1.0
524,43,1788.108585637759,0,1.0
525,43,1795.4669252533945,0,1.0
526,43,1787.9629231828478,0,1.0
527,43,1788.690673947812,0,1.0
528,44,1788.4155811299797,0,1.0
529,44,1788.3280169622287,0,1.0
530,44,1790.0377085262899,0,1.0
531,44,1789.5296167114777,0,1.0
532,44,1789.6745175136132,0,1.0
533,44,1789.1015684009071,0,1.0
534,44,1788.7190441268658,0,1.0
535,44,1788.5124397995542,0,1.0
536,44,1789.2368369261121,0,1.0
537,44,1788.6369887459616,0,1.0
538,44,1788.5029602874647,0,1.0
539,44,1788.2702938358273,0,1.0
540,45,1789.9790527757755,0,1.0
541,45,1789.1486656830596,0,1.0
542,45,1788.5902997480575,0,1.0
543,45,1788.9834396763274,0,1.0
544,45,1789.142540393253,0,1.0
545,45,1790.9616427757294,0,1.0
546,45,1788.9096036497308,0,1.0
547,45,1788.7617156747983,0,1.0
548,45,1788.4826307703484,0,1.0
549,45,1789.8369319789956,0,1.0
550,45,1788.726087292568,0,1.0
551,45,1790.056397483344,0,1.0
552,46,1789.1963525383521,0,1.0
553,46,1789.1961844907105,0,1.0
554,46,1788.7167804069325,0,1.0
555,46,1789.153795484108,0,1.0
556,46,1789.888552298999,0,1.0
557,46,1788.577593241133,0,1.0
558,46,1788.9692817190844,0,1.0
559,46,1789.0499691587495,0,1.0
560,46,1788.8180438717932,0,1.0
561,46,1788.9309568970216,0,1.0
562,46,1788.763815717979,0,1.0
563,46,1790.0174372035765,0,1.0
564,47,1789.8223626806166,0,1.0
565,47,1789.0661939304064,0,1.0
566,47,1788.7848520114521,0,1.0
567,47,1789.086918580576,0,1.0
568,47,1789.6565085022842,0,1.0
569,47,1789.507351479528,0,1.0
570,47,1788.9116522850459,0,1.0
571,47,1789.585793716859,0,1.0
572,47,1788.7042281644156,0,1.0
573,47,1788.817321734955,0,1.0
574,47,1788.625549451745,0,1.0
575,47,1788.198190387152,0,1.0
576,48,823.3690377385426,56,0.383078231292517
577,48,618.4666666666667,68,0.21045918367346939
578,48,534.9749999999999,73,0.1798469387755102
579,48,534.9749999999999,73,0.1798469387755102
580,48,534.9749999999999,73,0.1798469387755102
581,48,1034.975,43,0.4409013605442177
582,48,1051.6416666666667,42,0.44260204081632654
583,48,1051.6416666666667,42,0.44260204081632654
584,48,1051.6416666666667,42,0.44260204081632654
585,48,1051.6416666666667,42,0.44260204081632654
586,48,1051.6416666666667,42,0.44260204081632654
587,48,1051.6416666666667,42,0.44260204081632654
588,49,1051.6416666666667,42,0.44260204081632654
589,49,1051.6416666666667,42,0.44260204081632654
590,49,1051.6416666666667,42,0.44260204081632654
591,49,1051.6416666666667,42,0.44260204081632654
592,49,1051.6416666666667,42,0.44260204081632654
593,49,1051.6416666666667,42,0.44260204081632654
594,49,1051.6416666666667,42,0.44260204081632654
595,49,1051.6416666666667,42,0.44260204081632654
596,49,1051.6416666666667,42,0.44260204081632654
597,49,1051.6416666666667,42,0.44260204081632654
598,49,1051.6416666666667,42,0.44260204081632654
599,49,1051.6416666666667,42,0.44260204081632654
600,50,1051.6416666666667,42,0.44260204081632654
601,50,1051.6416666666667,42,0.44260204081632654
602,50,1051.6416666666667,42,0.44260204081632654
603,50,1051.6416666666667,42,0.44260204081632654
604,50,1051.6416666666667,42,0.44260204081632654
605,50,1051.6416666666667,42,0.44260204081632654
606,50,1051.6416666666667,42,0.44260204081632654
607,50,1051.6416666666667,42,0.44260204081632654
608,50,1051.6416666666667,42,0.44260204081632654
609,50,1051.6416666666667,42,0.44260204081632654
610,50,1051.6416666666667,42,0.44260204081632654
611,50,1051.6416666666667,42,0.44260204081632654
612,51,1051.6416666666667,42,0.44260204081632654
613,51,1051.6416666666667,42,0.44260204081632654
614,51,1051.6416666666667,42,0.44260204081632654
615,51,1051.6416666666667,42,0.44260204081632654
616,51,1051.6416666666667,42,0.44260204081632654
617,51,1051.6416666666667,42,0.44260204081632654
618,51,1051.6416666666667,42,0.44260204081632654
619,51,1051.6416666666667,42,0.44260204081632654
620,51,1051.6416666666667,42,0.44260204081632654
621,51,1051.6416666666667,42,0.44260204081632654
622,51,1051.6416666666667,42,0.44260204081632654
623,51,1051.6416666666667,42,0.44260204081632654
624,52,1051.6416666666667,42,0.44260204081632654
625,52,1051.6416666666667,42,0.44260204081632654
626,52,1051.6416666666667,42,0.44260204081632654
627,52,1051.6416666666667,42,0.44260204081632654
628,52,1051.6416666666667,42,0.44260204081632654
629,52,1051.6416666666667,42,0.44260204081632654
630,52,1051.6416666666667,42,0.44260204081632654
631,52,1051.6416666666667,42,0.44260204081632654
632,52,1051.6416666666667,42,0.44260204081632654
633,52,1051.6416666666667,42,0.44260204081632654
634,52,1051.6416666666667,42,0.44260204081632654
635,52,1051.6416666666667,42,0.44260204081632654
636,53,1051.6416666666667,42,0.44260204081632654
637,53,1051.6416666666667,42,0.44260204081632654
638,53,1051.6416666666667,42,0.44260204081632654
639,53,1051.6416666666667,42,0.44260204081632654
640,53,1051.6416666666667,42,0.44260204081632654
641,53,1051.6416666666667,42,0.44260204081632654
642,53,1051.6416666666667,42,0.44260204081632654
643,53,1051.6416666666667,42,0.44260204081632654
644,53,1051.6416666666667,42,0.44260204081632654
645,53,1051.6416666666667,42,0.44260204081632654
646,53,1051.6416666666667,42,0.44260204081632654
647,53,1051.6416666666667,42,0.44260204081632654
648,54,1051.6416666666667,42,0.44260204081632654
649,54,1051.6416666666667,42,0.44260204081632654
650,54,1051.6416666666667,42,0.44260204081632654
651,54,1051.6416666666667,42,0.44260204081632654
652,54,1051.6416666666667,42,0.44260204081632654
653,54,1051.6416666666667,42,0.44260204081632654
654,54,1051.6416666666667,42,0.44260204081632654
655,54,1051.6416666666667,42,0.44260204081632654
656,54,1051.6416666666667,42,0.44260204081632654
657,54,1051.6416666666667,42,0.44260204081632654
658,54,1051.6416666666667,42,0.44260204081632654
659,54,1051.6416666666667,42,0.44260204081632654
660,55,1767.055433995648,0,1.0
661,55,1767.0349186058543,0,1.0
662,55,1766.6845568196597,0,1.0
663,55,1786.3359214663365,0,1.0
664,55,1786.1706455879641,0,1.0
665,55,1786.7416120418966,0,1.0
666,55,1786.551912994079,0,1.0
667,55,1787.0645142803053,0,1.0
668,55,1787.05937236267,0,1.0
669,55,1786.9819390174437,0,1.0
670,55,1786.5060296801112,0,1.0
671,55,1786.5841413629673,0,1.0
672,56,1787.2545130523122,0,1.0
673,56,1786.6360511141295,0,1.0
674,56,1786.7992552833866,0,1.0
675,56,1786.2844770602064,0,1.0
676,56,1786.5199789453711,0,1.0
677,56,1787.4669843020438,0,1.0
678,56,1786.7663185082106,0,1.0
679,56,1786.7552919045277,0,1.0
680,56,1786.3149385707534,0,1.0
681,56,1786.9496980556778,0,1.0
682,56,1786.9343026756044,0,1.0
683,56,1786.5213667497294,0,1.0
684,57,1787.3870160248327,0,1.0
685,57,1786.7017546820402,0,1.0
686,57,1786.7515681046048,0,1.0
687,57,1786.9247151804102,0,1.0
688,57,1786.7085023619134,0,1.0
689,57,1787.1543584388094,0,1.0
690,57,1786.2603942372775,0,1.0
691,57,1786.4155872047443,0,1.0
692,57,1786.248641363961,0,1.0
693,57,1787.0324566071117,0,1.0
694,57,1786.9861482364036,0,1.0
695,57,1787.280961185182,0,1.0
696,58,1787.3714731668097,0,1.0
697,58,1787.2528961809167,0,1.0
698,58,1786.730086369463,0,1.0
699,58,1786.9322403406704,0,1.0
700,58,1787.0101876421181,0,1.0
701,58,1787.212758990628,0,1.0
702,58,1787.609860819923,0,1.0
703,58,1787.1679854606502,0,1.0
704,58,1787.2039768473123,0,1.0
705,58,1787.0888849618223,0,1.0
706,58,1787.358201677991,0,1.0
707,58,1786.5888915318528,0,1.0
708,59,1786.9580040381566,0,1.0
709,59,1786.954225426693,0,1.0
710,59,1787.9893577866653,0,1.0
711,59,1786.8585854443247,0,1.0
712,59,1787.2572704168247,0,1.0
713,59,1788.7694409480366,0,1.0
714,59,1786.8191916045664,0,1.0
715,59,1787.1243749456125,0,1.0
716,59,1787.4108663789589,0,1.0
717,59,1787.4283392370726,0,1.0
718,59,1786.7432081441075,0,1.0
719,59,1787.150415681337,0,1.0
720,60,1787.414566775481,0,1.0
721,60,1787.7554803555404,0,1.0
722,60,1786.9103200569864,0,1.0
723,60,1787.2476453340232,0,1.0
724,60,1787.0523102724842,0,1.0
725,60,1787.0622138499339,0,1.0
726,60,1786.7370894792125,0,1.0
727,60,1787.4607600011725,0,1.0
728,60,1787.2228748061402,0,1.0
729,60,1787.5624342060728,0,1.0
730,60,1787.3501584099233,0,1.0
731,60,1787.291148004323,0,1.0
732,61,1786.8678952231216,0,1.0
733,61,1788.8347761245752,0,1.0
734,61,1787.4844937648745,0,1.0
735,61,1787.6185928230175,0,1.0
736,61,1787.2795890865045,0,1.0
737,61,1787.2127737609746,0,1.0
738,61,1787.63506478508,0,1.0
739,61,1787.994532727884,0,1.0
740,61,1787.2950064310285,0,1.0
741,61,1787.336286530172,0,1.0
742,61,1787.78094869632,0,1.0
743,61,1786.8880222736345,0,1.0
744,62,1787.7721863742693,0,1.0
745,62,1789.034112618815,0,1.0
746,62,1787.2267976483804,0,1.0
747,62,1786.799129909772,0,1.0
748,62,1786.9801440346387,0,1.0
749,62,1787.20377763412,0,1.0
750,62,1786.5280741031197,0,1.0
751,62,1787.071337012671,0,1.0
752,62,1787.6297987518446,0,1.0
753,62,1786.968281802434,0,1.0
754,62,1786.9214585798163,0,1.0
755,62,1787.0747626090601,0,1.0
756,63,1787.049479104268,0,1.0
757,63,1786.879516016463,0,1.0
758,63,1787.0350940364156,0,1.0
759,63,1787.6769323997096,0,1.0
760,63,1787.2027740011802,0,1.0
761,63,1786.9256976489098,0,1.0
762,63,1786.9695620035138,0,1.0
763,63,1787.1934850533582,0,1.0
764,63,1786.9936924751557,0,1.0
765,63,1787.7418784711722,0,1.0
766,63,1787.5521421172275,0,1.0
767,63,1786.823829106389,0,1.0
768,64,1787.3393500126813,0,1.0
769,64,1786.9978851016122,0,1.0
770,64,1787.265669395444,0,1.0
771,64,1787.8367202940774,0,1.0
772,64,1787.6517761282616,0,1.0
773,64,1787.2824346508746,0,1.0
774,64,1786.931476886114,0,1.0
775,64,1787.1229438581042,0,1.0
776,64,1789.0986997194616,0,1.0
777,64,1786.7994474812763,0,1.0
778,64,1786.7977137044493,0,1.0
779,64,1786.9276442474413,0,1.0
780,65,1788.402627700199,0,1.0
781,65,1787.07861826081,0,1.0
782,65,1787.7371954471082,0,1.0
783,65,1787.7890263937788,0,1.0
784,65,1787.155835866643,0,1.0
785,65,1787.6845025407147,0,1.0
786,65,1787.8239412467283,0,1.0
787,65,1787.1695030577596,0,1.0
788,65,1787.9820305685755,0,1.0
789,65,1787.8450767750905,0,1.0
790,65,1787.5365679187544,0,1.0
791,65,1787.414182175062,0,1.0
792,66,1788.279880249651,0,1.0
793,66,1791.6473759070072,0,1.0
794,66,1787.3179804319402,0,1.0
795,66,1787.533859373174,0,1.0
796,66,1788.4128159955565,0,1.0
797,66,1788.0238924892355,0,1.0
798,66,1788.730862266055,0,1.0
799,66,1788.6916618961116,0,1.0
800,66,1788.255778156804,0,1.0
801,66,1787.3722379918713,0,1.0
802,66,1787.8517062419432,0,1.0
803,66,1788.1748119723989,0,1.0
804,67,1788.2450059527685,0,1.0
805,67,1788.0788355772895,0,1.0
806,67,1788.0947706645447,0,1.0
807,67,1789.0413302673323,0,1.0
808,67,1788.6178096208118,0,1.0
809,67,1788.7130343989638,0,1.0
810,67,1788.156320183281,0,1.0
811,67,1788.729878460793,0,1.0
812,67,1788.1101896086323,0,1.0
813,67,1790.3356969092458,0,1.0
814,67,1788.5980599369368,0,1.0
815,67,1790.400845727268,0,1.0
816,68,1789.9053136964633,0,1.0
817,68,1790.1242238372733,0,1.0
818,68,1789.4877170849727,0,1.0
819,68,1788.4172181557597,0,1.0
820,68,1788.6717063055353,0,1.0
821,68,1789.056063330004,0,1.0
822,68,1788.1553902796952,0,1.0
823,68,1788.7816798037607,0,1.0
824,68,1790.098803227152,0,1.0
825,68,1789.0841099995332,0,1.0
826,68,1789.9058835511714,0,1.0
827,68,1790.033740811507,0,1.0
828,69,1788.344264957776,0,1.0
829,69,1789.710474295137,0,1.0
830,69,1789.1867857117816,0,1.0
831,69,1789.5779624767986,0,1.0
832,69,1788.704318872684,0,1.0
833,69,1788.4581877444593,0,1.0
834,69,1788.4851109616204,0,1.0
835,69,1789.9176474874662,0,1.0
836,69,1788.5086036556706,0,1.0
837,69,1789.5793801323907,0,1.0
838,69,1789.3171019378062,0,1.0
839,69,1789.0622072850706,0,1.0
840,70,1788.204471068227,0,1.0
841,70,1788.5893406851428,0,1.0
842,70,1788.3627338391411,0,1.0
843,70,1788.5300704045378,0,1.0
844,70,1790.3103896676507,0,1.0
845,70,1788.4140508347587,0,1.0
846,70,1789.0420460369528,0,1.0
847,70,1788.6923721834019,0,1.0
848,70,1789.2533234470443,0,1.0
849,70,1790.6428579719782,0,1.0
850,70,1788.4274210580634,0,1.0
851,70,1789.1409500013074,0,1.0
852,71,1788.4875910577402,0,1.0
853,71,1789.4008866717531,0,1.0
854,71,1788.382207701498,0,1.0
855,71,1788.8818151593973,0,1.0
856,71,1789.1938507672503,0,1.0
857,71,1789.5305219656893,0,1.0
858,71,1788.3043495426455,0,1.0
859,71,1790.0975613552355,0,1.0
860,71,1788.985421247773,0,1.0
861,71,1788.6626673615358,0,1.0
862,71,1788.8007853070199,0,1.0
863,71,1788.9285271885612,0,1.0
864,72,823.4134925235714,56,0.39753401360544216
865,72,569.0999999999999,71,0.2066326530612245
866,72,501.64166666666665,75,0.19770408163265307
867,72,501.64166666666665,75,0.19770408163265307
868,72,501.64166666666665,75,0.19770408163265307
869,72,951.6416666666667,48,0.39668367346938777
870,72,1051.6416666666667,42,0.44260204081632654
871,72,1051.6416666666667,42,0.44260204081632654
872,72,1051.6416666666667,42,0.44260204081632654
873,72,1051.6416666666667,42,0.44260204081632654
874,72,1051.6416666666667,42,0.44260204081632654
875,72,1051.6416666666667,42,0.44260204081632654
876,73,1051.6416666666667,42,0.44260204081632654
877,73,1051.6416666666667,42,0.44260204081632654
878,73,1051.6416666666667,42,0.44260204081632654
879,73,1051.6416666666667,42,0.44260204081632654
880,73,1051.6416666666667,42,0.44260204081632654
881,73,1051.6416666666667,42,0.44260204081632654
882,73,1051.6416666666667,42,0.44260204081632654
883,73,1051.6416666666667,42,0.44260204081632654
884,73,1051.6416666666667,42,0.44260204081632654
885,73,1051.6416666666667,42,0.44260204081632654
886,73,1051.6416666666667,42,0.44260204081632654
887,73,1051.6416666666667,42,0.44260204081632654
888,74,1051.6416666666667,42,0.44260204081632654
889,74,1051.6416666666667,42,0.44260204081632654
890,74,1051.6416666666667,42,0.44260204081632654
891,74,1051.6416666666667,42,0.44260204081632654
892,74,1051.6416666666667,42,0.44260204081632654
893,74,1051.6416666666667,42,0.44260204081632654
894,74,1051.6416666666667,42,0.44260204081632654
895,74,1051.6416666666667,42,0.44260204081632654
896,74,1051.6416666666667,42,0.44260204081632654
897,74,1051.6416666666667,42,0.44260204081632654
898,74,1051.6416666666667,42,0.44260204081632654
899,74,1051.6416666666667,42,0.44260204081632654
900,75,1051.6416666666667,42,0.44260204081632654
901,75,1051.6416666666667,42,0.44260204081632654
902,75,1051.6416666666667,42,0.44260204081632654
903,75,1051.6416666666667,42,0.44260204081632654
904,75,1051.6416666666667,42,0.44260204081632654
905,75,1051.6416666666667,42,0.44260204081632654
906,75,1051.6416666666667,42,0.44260204081632654
907,75,1051.6416666666667,42,0.44260204081632654
908,75,1051.6416666666667,42,0.44260204081632654
909,75,1051.6416666666667,42,0.44260204081632654
910,75,1051.6416666666667,42,0.44260204081632654
911,75,1051.6416666666667,42,0.44260204081632654
912,76,1051.6416666666667,42,0.44260204081632654
913,76,1051.6416666666667,42,0.44260204081632654
914,76,1051.6416666666667,42,0.44260204081632654
915,76,1051.6416666666667,42,0.44260204081632654
916,76,1051.6416666666667,42,0.44260204081632654
917,76,1051.6416666666667,42,0.44260204081632654
918,76,1051.6416666666667,42,0.44260204081632654
919,76,1051.6416666666667,42,0.44260204081632654
920,76,1051.6416666666667,42,0.44260204081632654
921,76,1051.6416666666667,42,0.44260204081632654
922,76,1051.6416666666667,42,0.44260204081632654
923,76,1051.6416666666667,42,0.44260204081632654
924,77,1051.6416666666667,42,0.44260204081632654
925,77,1051.6416666666667,42,0.44260204081632654
926,77,1051.6416666666667,42,0.44260204081632654
927,77,1051.6416666666667,42,0.44260204081632654
928,77,1051.6416666666667,42,0.44260204081632654
929,77,1051.6416666666667,42,0.44260204081632654
930,77,1051.6416666666667,42,0.44260204081632654
931,77,1051.6416666666667,42,0.44260204081632654
932,77,1051.6416666666667,42,0.44260204081632654
933,77,1051.6416666666667,42,0.44260204081632654
934,77,1051.6416666666667,42,0.44260204081632654
935,77,1051.6416666666667,42,0.44260204081632654
936,78,1051.6416666666667,42,0.44260204081632654
937,78,1051.6416666666667,42,0.44260204081632654
938,78,1051.6416666666667,42,0.44260204081632654
939,78,1051.6416666666667,42,0.44260204081632654
940,78,1051.6416666666667,42,0.44260204081632654
941,78,1051.6416666666667,42,0.44260204081632654
942,78,1051.6416666666667,42,0.44260204081632654
943,78,1051.6416666666667,42,0.44260204081632654
944,78,1051.6416666666667,42,0.44260204081632654
945,78,1051.6416666666667,42,0.44260204081632654
946,78,1051.6416666666667,42,0.44260204081632654
947,78,1051.6416666666667,42,0.44260204081632654
948,79,1767.1329038925944,0,1.0
949,79,1766.7187043512754,0,1.0
950,79,1766.7172848948858,0,1.0
951,79,1786.944218781746,0,1.0
952,79,1786.4224269456363,0,1.0
953,79,1786.4824927867771,0,1.0
954,79,1786.3070317187694,0,1.0
955,79,1786.2936680665216,0,1.0
956,79,1786.2167789378518,0,1.0
957,79,1786.4252511218212,0,1.0
958,79,1786.927451045488,0,1.0
959,79,1786.935799943958,0,1.0
960,80,1786.6556669804863,0,1.0
961,80,1786.3261351608326,0,1.0
962,80,1786.743935421456,0,1.0
963,80,1787.2754127950984,0,1.0
964,80,1787.0104167947234,0,1.0
965,80,1786.4839255537445,0,1.0
966,80,1786.5679957454995,0,1.0
967,80,1787.1149046743012,0,1.0
968,80,1786.7596465370975,0,1.0
969,80,1786.9970367322335,0,1.0
970,80,1786.6419811676817,0,1.0
971,80,1786.2678107505271,0,1.0
972,81,1789.3472083291426,0,1.0
973,81,1786.832658384655,0,1.0
974,81,1787.0241858842987,0,1.0
975,81,1787.2817852874314,0,1.0
976,81,1795.356824791904,0,1.0
977,81,1786.5352802073267,0,1.0
978,81,1787.024363113505,0,1.0
979,81,1786.4932826988465,0,1.0
980,81,1787.5838227498143,0,1.0
981,81,1787.5350332137534,0,1.0
982,81,1786.5108925519146,0,1.0
983,81,1787.1429082120035,0,1.0
984,82,1787.4239670074153,0,1.0
985,82,1789.0322169360372,0,1.0
986,82,1787.2010080948676,0,1.0
987,82,1787.154975474834,0,1.0
988,82,1787.326157565669,0,1.0
989,82,1786.9521999537837,0,1.0
990,82,1786.527071483758,0,1.0
991,82,1787.0437772724445,0,1.0
992,82,1786.9788194277935,0,1.0
993,82,1786.7047830840977,0,1.0
994,82,1787.1364676266078,0,1.0
995,82,1787.0968229484188,0,1.0
996,83,1786.8211506170428,0,1.0
997,83,1786.934979748886,0,1.0
998,83,1787.7234322612233,0,1.0
999,83,1786.8197929172798,0,1.0
1000,83,1787.154360881203,0,1.0
1001,83,1787.2367759653437,0,1.0
1002,83,1787.4163160187509,0,1.0
1003,83,1786.6803356755938,0,1.0
1004,83,1787.6733459500015,0,1.0
1005,83,1787.0334212260686,0,1.0
1006,83,1787.1589658998903,0,1.0
1007,83,1786.8519898506574,0,1.0
1008,84,1787.2959888800035,0,1.0
1009,84,1787.8149800256606,0,1.0
1010,84,1787.1847021890803,0,1.0
1011,84,1786.9222380512833,0,1.0
1012,84,1787.6456330973915,0,1.0
1013,84,1787.5901685594845,0,1.0
1014,84,1787.0669728242258,0,1.0
1015,84,1787.2602146127238,0,1.0
1016,84,1787.5041041709467,0,1.0
1017,84,1787.3265389522314,0,1.0
1018,84,1788.0428866816283,0,1.0
1019,84,1787.3384556350966,0,1.0
1020,85,1786.7323337481039,0,1.0
1021,85,1789.0836295847087,0,1.0
1022,85,1786.7930572041973,0,1.0
1023,85,1787.7353370210833,0,1.0
1024,85,1787.288385246211,0,1.0
1025,85,1787.1205292396635,0,1.0
1026,85,1787.1784235034324,0,1.0
1027,85,1786.865675021741,0,1.0
1028,85,1787.3151037475664,0,1.0
1029,85,1788.6101610489168,0,1.0
1030,85,1787.506850842876,0,1.0
1031,85,1787.3581655322923,0,1.0
1032,86,1787.1963253287677,0,1.0
1033,86,1787.6108298729027,0,1.0
1034,86,1786.9493904552241,0,1.0
1035,86,1787.1741552328194,0,1.0
1036,86,1787.1449488684102,0,1.0
1037,86,1788.425550266021,0,1.0
1038,86,1787.4980928278346,0,1.0
1039,86,1787.3041583366442,0,1.0
1040,86,1787.1666919753948,0,1.0
1041,86,1787.8757827910915,0,1.0
1042,86,1787.0539396203235,0,1.0
1043,86,1787.4940401755805,0,1.0
1044,87,1786.754439630456,0,1.0
1045,87,1787.5936100999056,0,1.0
1046,87,1787.0738230681836,0,1.0
1047,87,1786.5305648735202,0,1.0
1048,87,1788.0622754999426,0,1.0
1049,87,1786.7059117311478,0,1.0
1050,87,1787.5075870447927,0,1.0
1051,87,1786.9485281432198,0,1.0
1052,87,1786.9855982715974,0,1.0
1053,87,1787.4464008505379,0,1.0
1054,87,1787.2368694265015,0,1.0
1055,87,1787.4801798555159,0,1.0
1056,88,1787.0967139870168,0,1.0
1057,88,1787.1069884271385,0,1.0
1058,88,1787.3740368831568,0,1.0
1059,88,1787.5023398365888,0,1.0
1060,88,1787.106180991632,0,1.0
1061,88,1787.406507574417,0,1.0
1062,88,1787.051031811236,0,1.0
1063,88,1787.2477423887951,0,1.0
1064,88,1787.9053745188467,0,1.0
1065,88,1787.4563310539297,0,1.0
1066,88,1787.1178036110155,0,1.0
1067,88,1787.259053628067,0,1.0
1068,89,1787.2876250527627,0,1.0
1069,89,1787.555624254451,0,1.0
1070,89,1787.2545542667533,0,1.0
1071,89,1787.6191802038802,0,1.0
1072,89,1787.6254020420129,0,1.0
1073,89,1787.1538528415151,0,1.0
1074,89,1787.3024136840886,0,1.0
1075,89,1788.123639481398,0,1.0
1076,89,1787.1978143650863,0,1.0
1077,89,1787.3870645184188,0,1.0
1078,89,1787.8534941436922,0,1.0
1079,89,1787.7080296894524,0,1.0
1080,90,1788.8776618851266,0,1.0
1081,90,1787.5256241567133,0,1.0
1082,90,1787.8257421858893,0,1.0
1083,90,1787.4463944276015,0,1.0
1084,90,1787.643117112408,0,1.0
1085,90,1788.5934707229057,0,1.0
1086,90,1787.2586855305372,0,1.0
1087,90,1787.6282848758296,0,1.0
1088,90,1788.3357789332852,0,1.0
1089,90,1788.6198705486381,0,1.0
1090,90,1787.9273435112445,0,1.0
1091,90,1787.6090787285534,0,1.0
1092,91,1789.3439625790961,0,1.0
1093,91,1788.9053416136576,0,1.0
1094,91,1789.2072017419446,0,1.0
1095,91,1787.948662661202,0,1.0
1096,91,1788.3904048174236,0,1.0
1097,91,1789.5396056143745,0,1.0
1098,91,1788.6984572883252,0,1.0
1099,91,1787.663961126254,0,1.0
1100,91,1788.89218799659,0,1.0
1101,91,1788.8763938561626,0,1.0
1102,91,1788.7739289503384,0,1.0
1103,91,1789.130384900579,0,1.0
1104,92,1791.1717896043942,0,1.0
1105,92,1788.1143429484696,0,1.0
1106,92,1789.7724352095029,0,1.0
1107,92,1788.665700188512,0,1.0
1108,92,1789.4049869925134,0,1.0
1109,92,1788.7261132349709,0,1.0
1110,92,1787.9727864129577,0,1.0
1111,92,1789.0181868885477,0,1.0
1112,92,1789.1175107759564,0,1.0
1113,92,1790.3512304292692,0,1.0
1114,92,1789.3999921850868,0,1.0
1115,92,1789.09332861851,0,1.0
1116,93,1789.2283878073786,0,1.0
1117,93,1789.4005184271793,0,1.0
1118,93,1789.6165040432682,0,1.0
1119,93,1788.9917640392223,0,1.0
1120,93,1788.4848136609394,0,1.0
1121,93,1788.1558120740522,0,1.0
1122,93,1789.2419329544014,0,1.0
1123,93,1789.0737311440125,0,1.0
1124,93,1788.5181980199718,0,1.0
1125,93,1788.4766064594,0,1.0
1126,93,1789.3870468815385,0,1.0
1127,93,1788.9223611562486,0,1.0
1128,94,1789.304460742991,0,1.0
1129,94,1788.712041017427,0,1.0
1130,94,1789.1926076208283,0,1.0
1131,94,1790.0068225957134,0,1.0
1132,94,1788.9444564787375,0,1.0
1133,94,1789.3309766511204,0,1.0
1134,94,1789.4392809164815,0,1.0
1135,94,1789.0078787999366,0,1.0
1136,94,1788.4667186035604,0,1.0
1137,94,1790.6900456483404,0,1.0
1138,94,1790.1539884448287,0,1.0
1139,94,1789.3028563398375,0,1.0
1140,95,1788.7121756749611,0,1.0
1141,95,1788.520830180139,0,1.0
1142,95,1789.3307754961436,0,1.0
1143,95,1788.7568257595808,0,1.0
1144,95,1789.7026499501465,0,1.0
1145,95,1788.552901465223,0,1.0
1146,95,1788.1594029167231,0,1.0
1147,95,1788.5418999795822,0,1.0
1148,95,1788.6843481330866,0,1.0
1149,95,1790.5422216422057,0,1.0
1150,95,1788.748330417916,0,1.0
1151,95,1789.013218027888,0,1.0
1152,96,805.8700384642103,57,0.39413265306122447
1153,96,618.3083333333333,68,0.2113095238095238
1154,96,551.6416666666667,72,0.2032312925170068
1155,96,551.6416666666667,72,0.2032312925170068
1156,96,551.6416666666667,72,0.2032312925170068
1157,96,1034.975,43,0.4379251700680272
1158,96,1051.6416666666667,42,0.44260204081632654
1159,96,1051.6416666666667,42,0.44260204081632654
1160,96,1051.6416666666667,42,0.44260204081632654
1161,96,1051.6416666666667,42,0.44260204081632654
1162,96,1051.6416666666667,42,0.44260204081632654
1163,96,1051.6416666666667,42,0.44260204081632654
1164,97,1051.6416666666667,42,0.44260204081632654
1165,97,1051.6416666666667,42,0.44260204081632654
1166,97,1051.6416666666667,42,0.44260204081632654
1167,97,1051.6416666666667,42,0.44260204081632654
1168,97,1051.6416666666667,42,0.44260204081632654
1169,97,1051.6416666666667,42,0.44260204081632654
1170,97,1051.6416666666667,42,0.44260204081632654
1171,97,1051.6416666666667,42,0.44260204081632654
1172,97,1051.6416666666667,42,0.44260204081632654
1173,97,1051.6416666666667,42,0.44260204081632654
1174,97,1051.6416666666667,42,0.44260204081632654
1175,97,1051.6416666666667,42,0.44260204081632654
1176,98,1051.6416666666667,42,0.44260204081632654
1177,98,1051.6416666666667,42,0.44260204081632654
1178,98,1051.6416666666667,42,0.44260204081632654
1179,98,1051.6416666666667,42,0.44260204081632654
1180,98,1051.6416666666667,42,0.44260204081632654
1181,98,1051.6416666666667,42,0.44260204081632654
1182,98,1051.6416666666667,42,0.44260204081632654
1183,98,1051.6416666666667,42,0.44260204081632654
1184,98,1051.6416666666667,42,0.44260204081632654
1185,98,1051.6416666666667,42,0.44260204081632654
1186,98,1051.6416666666667,42,0.44260204081632654
1187,98,1051.6416666666667,42,0.44260204081632654
1188,99,1051.6416666666667,42,0.44260204081632654
1189,99,1051.6416666666667,42,0.44260204081632654
1190,99,1051.6416666666667,42,0.44260204081632654
1191,99,1051.6416666666667,42,0.44260204081632654
1192,99,1051.6416666666667,42,0.44260204081632654
1193,99,1051.6416666666667,42,0.44260204081632654
1194,99,1051.6416666666667,42,0.44260204081632654
1195,99,1051.6416666666667,42,0.44260204081632654
1196,99,1051.6416666666667,42,0.44260204081632654
1197,99,1051.6416666666667,42,0.44260204081632654
1198,99,1051.6416666666667,42,0.44260204081632654
1199,99,1051.6416666666667,42,0.44260204081632654
1200,100,1051.6416666666667,42,0.44260204081632654
1201,100,1051.6416666666667,42,0.44260204081632654
1202,100,1051.6416666666667,42,0.44260204081632654
1203,100,1051.6416666666667,42,0.44260204081632654
1204,100,1051.6416666666667,42,0.44260204081632654
1205,100,1051.6416666666667,42,0.44260204081632654
1206,100,1051.6416666666667,42,0.44260204081632654
1207,100,1051.6416666666667,42,0.44260204081632654
1208,100,1051.6416666666667,42,0.44260204081632654
1209,100,1051.6416666666667,42,0.44260204081632654
1210,100,1051.6416666666667,42,0.44260204081632654
1211,100,1051.6416666666667,42,0.44260204081632654
1212,101,1051.6416666666667,42,0.44260204081632654
1213,101,1051.6416666666667,42,0.44260204081632654
1214,101,1051.6416666666667,42,0.44260204081632654
1215,101,1051.6416666666667,42,0.44260204081632654
1216,101,1051.6416666666667,42,0.44260204081632654
1217,101,1051.6416666666667,42,0.44260204081632654
1218,101,1051.6416666666667,42,0.44260204081632654
1219,101,1051.6416666666667,42,0.44260204081632654
1220,101,1051.6416666666667,42,0.44260204081632654
1221,101,1051.6416666666667,42,0.44260204081632654
1222,101,1051.6416666666667,42,0.44260204081632654
1223,101,1051.6416666666667,42,0.44260204081632654
1224,102,1051.6416666666667,42,0.44260204081632654
1225,102,1051.6416666666667,42,0.44260204081632654
1226,102,1051.6416666666667,42,0.44260204081632654
1227,102,1051.6416666666667,42,0.44260204081632654
1228,102,1051.6416666666667,42,0.44260204081632654
1229,102,1051.6416666666667,42,0.44260204081632654
1230,102,1051.6416666666667,42,0.44260204081632654
1231,102,1051.6416666666667,42,0.44260204081632654
1232,102,1051.6416666666667,42,0.44260204081632654
1233,102,1051.6416666666667,42,0.44260204081632654
1234,102,1051.6416666666667,42,0.44260204081632654
1235,102,1051.6416666666667,42,0.44260204081632654
1236,103,1767.1131996243116,0,1.0
1237,103,1767.1982799587554,0,1.0
1238,103,1766.921894718732,0,1.0
1239,103,1786.207156930109,0,1.0
1240,103,1786.6053498125525,0,1.0
1241,103,1786.594849313123,0,1.0
1242,103,1786.4582584136308,0,1.0
1243,103,1787.337072040975,0,1.0
1244,103,1786.7626114029922,0,1.0
1245,103,1786.6424934515428,0,1.0
1246,103,1786.6323460570513,0,1.0
1247,103,1786.8350648995151,0,1.0
1248,104,1786.3078005799482,0,1.0
1249,104,1786.667563009606,0,1.0
1250,104,1786.7041456946627,0,1.0
1251,104,1786.7322970501868,0,1.0
1252,104,1786.6032617645935,0,1.0
1253,104,1786.9372156897257,0,1.0
1254,104,1786.7548439321647,0,1.0
1255,104,1786.5062107896877,0,1.0
1256,104,1787.2977577352126,0,1.0
1257,104,1786.328546679622,0,1.0
1258,104,1795.244843302885,0,1.0
1259,104,1786.7377109512347,0,1.0
1260,105,1786.2613847011303,0,1.0
1261,105,1787.160515286206,0,1.0
1262,105,1787.2706383396426,0,1.0
1263,105,1787.5069630842283,0,1.0
1264,105,1786.6634445959537,0,1.0
1265,105,1787.518359654579,0,1.0
1266,105,1786.6152776404674,0,1.0
1267,105,1787.2311244485168,0,1.0
1268,105,1786.7304283147055,0,1.0
1269,105,1786.540169769438,0,1.0
1270,105,1787.4252515886874,0,1.0
1271,105,1786.7438275680797,0,1.0
1272,106,1786.9106698870733,0,1.0
1273,106,1787.3231833138607,0,1.0
1274,106,1786.6799179355685,0,1.0
1275,106,1787.316095764284,0,1.0
1276,106,1786.7044870371287,0,1.0
1277,106,1786.4774404679347,0,1.0
1278,106,1786.6582661591058,0,1.0
1279,106,1787.4783585887574,0,1.0
1280,106,1787.3047533920626,0,1.0
1281,106,1786.732900485754,0,1.0
1282,106,1786.6702564855286,0,1.0
1283,106,1787.948513290253,0,1.0
1284,107,1786.8575195340559,0,1.0
1285,107,1787.2499924394172,0,1.0
1286,107,1788.1438076867053,0,1.0
1287,107,1788.0775852834224,0,1.0
1288,107,1786.794907129068,0,1.0
1289,107,1786.6689245393836,0,1.0
1290,107,1787.188710444831,0,1.0
1291,107,1787.639581603594,0,1.0
1292,107,1787.4646638854067,0,1.0
1293,107,1787.0583013900825,0,1.0
1294,107,1787.1886351236594,0,1.0
1295,107,1786.7085876377116,0,1.0
1296,108,1787.4016356761142,0,1.0
1297,108,1786.7501051489298,0,1.0
1298,108,1786.9218469230273,0,1.0
1299,108,1791.014464380657,0,1.0
1300,108,1787.1045804379382,0,1.0
1301,108,1788.538892737417,0,1.0
1302,108,1786.8319315815274,0,1.0
1303,108,1787.1692655306665,0,1.0
1304,108,1787.409885853809,0,1.0
1305,108,1787.5077719165358,0,1.0
1306,108,1787.292448822834,0,1.0
1307,108,1786.8137375034976,0,1.0
1308,109,1787.883660774888,0,1.0
1309,109,1787.6191446733958,0,1.0
1310,109,1787.993659630029,0,1.0
1311,109,1787.4267937884981,0,1.0
1312,109,1787.5577396808842,0,1.0
1313,109,1788.585455846463,0,1.0
1314,109,1787.1582627778012,0,1.0
1315,109,1786.977619915613,0,1.0
1316,109,1787.855523240577,0,1.0
1317,109,1786.9431488871817,0,1.0
1318,109,1787.6334630534934,0,1.0
1319,109,1787.0010224898474,0,1.0
1320,110,1787.2115901816255,0,1.0
1321,110,1786.9620950025542,0,1.0
1322,110,1786.958051069558,0,1.0
1323,110,1787.4498355518003,0,1.0
1324,110,1786.76260319418,0,1.0
1325,110,1786.9543433871568,0,1.0
1326,110,1787.1003571407048,0,1.0
1327,110,1787.0850811657633,0,1.0
1328,110,1786.9702400703623,0,1.0
1329,110,1788.4917275859862,0,1.0
1330,110,1787.0643256991466,0,1.0
1331,110,1787.1693091888828,0,1.0
1332,111,1786.9521485345376,0,1.0
1333,111,1786.7643997635844,0,1.0
1334,111,1786.844914736151,0,1.0
1335,111,1786.57981062552,0,1.0
1336,111,1787.8389285827138,0,1.0
1337,111,1787.6898209219937,0,1.0
1338,111,1786.8153521478398,0,1.0
1339,111,1787.0172335182847,0,1.0
1340,111,1787.2604024123066,0,1.0
1341,111,1786.8575125553873,0,1.0
1342,111,1787.16419144288,0,1.0
1343,111,1787.3913878282797,0,1.0
1344,112,1787.4528566396248,0,1.0
1345,112,1787.370122836119,0,1.0
1346,112,1787.7353913529428,0,1.0
1347,112,1786.9074407514859,0,1.0
1348,112,1787.1312056252705,0,1.0
1349,112,1787.0133983651112,0,1.0
1350,112,1787.645817060825,0,1.0
1351,112,1787.5170793031614,0,1.0
1352,112,1786.4556665886448,0,1.0
1353,112,1787.4762346110576,0,1.0
1354,112,1788.024220460436,0,1.0
1355,112,1787.0687306587397,0,1.0
1356,113,1788.3814638249592,0,1.0
1357,113,1787.5336778257174,0,1.0
1358,113,1787.7518537670694,0,1.0
1359,113,1787.3159202828413,0,1.0
1360,113,1787.5268991391906,0,1.0
1361,113,1787.0093305563905,0,1.0
1362,113,1787.6394578472632,0,1.0
1363,113,1787.6067150067265,0,1.0
1364,113,1787.27720681676,0,1.0
1365,113,1787.5259083838591,0,1.0
1366,113,1787.2951567977457,0,1.0
1367,113,1787.5702670204428,0,1.0
1368,114,1787.9594406185502,0,1.0
1369,114,1788.802346526562,0,1.0
1370,114,1787.7320311393669,0,1.0
1371,114,1787.6921259109208,0,1.0
1372,114,1788.7698343787908,0,1.0
1373,114,1788.4367805634015,0,1.0
1374,114,1788.1405983529153,0,1.0
1375,114,1787.811113570433,0,1.0
1376,114,1788.4321046201514,0,1.0
1377,114,1788.0749288080483,0,1.0
1378,114,1787.8146341368395,0,1.0
1379,114,1787.113696372687,0,1.0
1380,115,1789.368428431679,0,1.0
1381,115,1788.2207893485631,0,1.0
1382,115,1788.9625984273262,0,1.0
1383,115,1788.3240189402354,0,1.0
1384,115,1788.4475329252896,0,1.0
1385,115,1788.4270832705763,0,1.0
1386,115,1788.0877329554926,0,1.0
1387,115,1788.3005434343052,0,1.0
1388,115,1788.045227602463,0,1.0
1389,115,1788.6637261113394,0,1.0
1390,115,1788.3459854815594,0,1.0
1391,115,1788.7855046584054,0,1.0
1392,116,1789.4608227842857,0,1.0
1393,116,1787.9400711820285,0,1.0
1394,116,1788.1688674788243,0,1.0
1395,116,1789.4602055988848,0,1.0
1396,116,1789.0376926382169,0,1.0
1397,116,1788.7713826154413,0,1.0
1398,116,1788.8564007328214,0,1.0
1399,116,1788.2882776829101,0,1.0
1400,116,1789.3012682331903,0,1.0
1401,116,1788.2364895896003,0,1.0
1402,116,1789.1275024674414,0,1.0
1403,116,1791.182527367113,0,1.0
1404,117,1788.7662516273715,0,1.0
1405,117,1788.2928324672341,0,1.0
1406,117,1788.9486767328553,0,1.0
1407,117,1788.8379081884007,0,1.0
1408,117,1790.1369019004026,0,1.0
1409,117,1789.453976365009,0,1.0
1410,117,1790.3485414299275,0,1.0
1411,117,1788.5778647497273,0,1.0
1412,117,1789.6044121449218,0,1.0
1413,117,1789.1797492911774,0,1.0
1414,117,1788.458540239678,0,1.0
1415,117,1789.3910837502663,0,1.0
1416,118,1788.653311335349,0,1.0
1417,118,1789.0327879445058,0,1.0
1418,118,1789.1916835589448,0,1.0
1419,118,1790.0914916631566,0,1.0
1420,118,1789.8148564856638,0,1.0
1421,118,1788.521146270536,0,1.0
1422,118,1790.0281833641507,0,1.0
1423,118,1788.65739997828,0,1.0
1424,118,1788.311265760859,0,1.0
1425,118,1788.9070624588016,0,1.0
1426,118,1790.0302413728773,0,1.0
1427,118,1789.1931779893812,0,1.0
1428,119,1788.6579535687745,0,1.0
1429,119,1788.397744023297,0,1.0
1430,119,1790.480015710169,0,1.0
1431,119,1790.0458374881455,0,1.0
1432,119,1788.6682866583617,0,1.0
1433,119,1788.996353486772,0,1.0
1434,119,1788.6051236903918,0,1.0
1435,119,1790.8553219132687,0,1.0
1436,119,1789.4375186274815,0,1.0
1437,119,1788.6110803923257,0,1.0
1438,119,1788.3448327601395,0,1.0
1439,119,1788.728177729518,0,1.0
1440,120,789.6903598570034,58,0.4064625850340136
1441,120,501.8,75,0.2193877551020408
1442,120,468.3083333333333,77,0.20875850340136054
1443,120,468.3083333333333,77,0.20875850340136054
1444,120,468.3083333333333,77,0.20875850340136054
1445,120,984.975,46,0.43197278911564624
1446,120,1051.6416666666667,42,0.44260204081632654
1447,120,1051.6416666666667,42,0.44260204081632654
1448,120,1051.6416666666667,42,0.44260204081632654
1449,120,1051.6416666666667,42,0.44260204081632654
1450,120,1051.6416666666667,42,0.44260204081632654
1451,120,1051.6416666666667,42,0.44260204081632654
1452,121,1051.6416666666667,42,0.44260204081632654
1453,121,1051.6416666666667,42,0.44260204081632654
1454,121,1051.6416666666667,42,0.44260204081632654
1455,121,1051.6416666666667,42,0.44260204081632654
1456,121,1051.6416666666667,42,0.44260204081632654
1457,121,1051.6416666666667,42,0.44260204081632654
1458,121,1051.6416666666667,42,0.44260204081632654
1459,121,1051.6416666666667,42,0.44260204081632654
1460,121,1051.6416666666667,42,0.44260204081632654
1461,121,1051.6416666666667,42,0.44260204081632654
1462,121,1051.6416666666667,42,0.44260204081632654
1463,121,1051.6416666666667,42,0.44260204081632654
1464,122,1051.6416666666667,42,0.44260204081632654
1465,122,1051.6416666666667,42,0.44260204081632654
1466,122,1051.6416666666667,42,0.44260204081632654
1467,122,1051.6416666666667,42,0.44260204081632654
1468,122,1051.6416666666667,42,0.44260204081632654
1469,122,1051.6416666666667,42,0.44260204081632654
1470,122,1051.6416666666667,42,0.44260204081632654
1471,122,1051.6416666666667,42,0.44260204081632654
1472,122,1051.6416666666667,42,0.44260204081632654
1473,122,1051.6416666666667,42,0.44260204081632654
1474,122,1051.6416666666667,42,0.44260204081632654
1475,122,1051.6416666666667,42,0.44260204081632654
1476,123,1051.6416666666667,42,0.44260204081632654
1477,123,1051.6416666666667,42,0.44260204081632654
1478,123,1051.6416666666667,42,0.44260204081632654
1479,123,1051.6416666666667,42,0.44260204081632654
1480,123,1051.6416666666667,42,0.44260204081632654
1481,123,1051.6416666666667,42,0.44260204081632654
1482,123,1051.6416666666667,42,0.44260204081632654
1483,123,1051.6416666666667,42,0.44260204081632654
1484,123,1051.6416666666667,42,0.44260204081632654
1485,123,1051.6416666666667,42,0.44260204081632654
1486,123,1051.6416666666667,42,0.44260204081632654
1487,123,1051.6416666666667,42,0.44260204081632654
1488,124,1051.6416666666667,42,0.44260204081632654
1489,124,1051.6416666666667,42,0.44260204081632654
1490,124,1051.6416666666667,42,0.44260204081632654
1491,124,1051.6416666666667,42,0.44260204081632654
1492,124,1051.6416666666667,42,0.44260204081632654
1493,124,1051.6416666666667,42,0.44260204081632654
1494,124,1051.6416666666667,42,0.44260204081632654
1495,124,1051.6416666666667,42,0.44260204081632654
1496,124,1051.6416666666667,42,0.44260204081632654
1497,124,1051.6416666666667,42,0.44260204081632654
1498,124,1051.6416666666667,42,0.44260204081632654
1499,124,1051.6416666666667,42,0.44260204081632654
1500,125,1051.6416666666667,42,0.44260204081632654
1501,125,1051.6416666666667,42,0.44260204081632654
1502,125,1051.6416666666667,42,0.44260204081632654
1503,125,1051.6416666666667,42,0.44260204081632654
1504,125,1051.6416666666667,42,0.44260204081632654
1505,125,1051.6416666666667,42,0.44260204081632654
1506,125,1051.6416666666667,42,0.44260204081632654
1507,125,1051.6416666666667,42,0.44260204081632654
1508,125,1051.6416666666667,42,0.44260204081632654
1509,125,1051.6416666666667,42,0.44260204081632654
1510,125,1051.6416666666667,42,0.44260204081632654
1511,125,1051.6416666666667,42,0.44260204081632654
1512,126,1051.6416666666667,42,0.44260204081632654
1513,126,1051.6416666666667,42,0.44260204081632654
1514,126,1051.6416666666667,42,0.44260204081632654
1515,126,1051.6416666666667,42,0.44260204081632654
1516,126,1051.6416666666667,42,0.44260204081632654
1517,126,1051.6416666666667,42,0.44260204081632654
1518,126,1051.6416666666667,42,0.44260204081632654
1519,126,1051.6416666666667,42,0.44260204081632654
1520,126,1051.6416666666667,42,0.44260204081632654
1521,126,1051.6416666666667,42,0.44260204081632654
1522,126,1051.6416666666667,42,0.44260204081632654
1523,126,1051.6416666666667,42,0.44260204081632654
1524,127,1051.6416666666667,42,0.44260204081632654
1525,127,1051.6416666666667,42,0.44260204081632654
1526,127,1051.6416666666667,42,0.44260204081632654
1527,127,1051.6416666666667,42,0.44260204081632654
1528,127,1051.6416666666667,42,0.44260204081632654
1529,127,1051.6416666666667,42,0.44260204081632654
1530,127,1051.6416666666667,42,0.44260204081632654
1531,127,1051.6416666666667,42,0.44260204081632654
1532,127,1051.6416666666667,42,0.44260204081632654
1533,127,1051.6416666666667,42,0.44260204081632654
1534,127,1051.6416666666667,42,0.44260204081632654
1535,127,1051.6416666666667,42,0.44260204081632654
1536,128,1051.6416666666667,42,0.44260204081632654
1537,128,1051.6416666666667,42,0.44260204081632654
1538,128,1051.6416666666667,42,0.44260204081632654
1539,128,1051.6416666666667,42,0.44260204081632654
1540,128,1051.6416666666667,42,0.44260204081632654
1541,128,1051.6416666666667,42,0.44260204081632654
1542,128,1051.6416666666667,42,0.44260204081632654
1543,128,1051.6416666666667,42,0.44260204081632654
1544,128,1051.6416666666667,42,0.44260204081632654
1545,128,1051.6416666666667,42,0.44260204081632654
1546,128,1051.6416666666667,42,0.44260204081632654
1547,128,1051.6416666666667,42,0.44260204081632654
1548,129,1766.7874250278078,0,1.0
1549,129,1766.8488397100891,0,1.0
1550,129,1766.9054661266805,0,1.0
1551,129,1786.3788533838988,0,1.0
1552,129,1786.6274257635919,0,1.0
1553,129,1786.836726120436,0,1.0
1554,129,1786.781444548,0,1.0
1555,129,1786.2064550682248,0,1.0
1556,129,1787.375092789609,0,1.0
1557,129,1786.3493991635542,0,1.0
1558,129,1786.5555445383627,0,1.0
1559,129,1786.67891130502,0,1.0
1560,130,1786.2807965796387,0,1.0
1561,130,1786.4870887270392,0,1.0
1562,130,1786.7306121018194,0,1.0
1563,130,1786.8756545666652,0,1.0
1564,130,1786.6510565334634,0,1.0
1565,130,1786.22310047425,0,1.0
1566,130,1786.2722482336249,0,1.0
1567,130,1786.3663056846153,0,1.0
1568,130,1786.0470957976177,0,1.0
1569,130,1787.2569516248698,0,1.0
1570,130,1786.7844052405608,0,1.0
1571,130,1786.1737487830437,0,1.0
1572,131,1787.0086766461527,0,1.0
1573,131,1786.6282474178172,0,1.0
1574,131,1787.0646479112015,0,1.0
1575,131,1786.132569495598,0,1.0
1576,131,1786.2711122625751,0,1.0
1577,131,1786.7492396027603,0,1.0
1578,131,1786.3115320751242,0,1.0
1579,131,1786.492043996593,0,1.0
1580,131,1786.6952427103581,0,1.0
1581,131,1786.989499029752,0,1.0
1582,131,1785.966308585612,0,1.0
1583,131,1786.7079264902136,0,1.0
1584,132,1786.8311352833393,0,1.0
1585,132,1786.5898684633405,0,1.0
1586,132,1786.5090133382855,0,1.0
1587,132,1786.6583828670582,0,1.0
1588,132,1786.5008310511062,0,1.0
1589,132,1786.5299255635148,0,1.0
1590,132,1786.7728526855258,0,1.0
1591,132,1786.3819197783178,0,1.0
1592,132,1786.277718821425,0,1.0
1593,132,1786.8212472205082,0,1.0
1594,132,1786.6573812899856,0,1.0
1595,132,1786.2398589964444,0,1.0
1596,133,1787.4950413802535,0,1.0
1597,133,1786.8112046805375,0,1.0
1598,133,1786.668171854029,0,1.0
1599,133,1786.6970538817418,0,1.0
1600,133,1786.3557334125198,0,1.0
1601,133,1786.272129825783,0,1.0
1602,133,1786.7347757466277,0,1.0
1603,133,1786.4915132965164,0,1.0
1604,133,1786.079008394061,0,1.0
1605,133,1786.9454546459021,0,1.0
1606,133,1786.597264377403,0,1.0
1607,133,1786.9254854119104,0,1.0
1608,134,1786.2108495290677,0,1.0
1609,134,1786.5397684717468,0,1.0
1610,134,1786.2921611437278,0,1.0
1611,134,1786.3484148940115,0,1.0
1612,134,1786.1370962585934,0,1.0
1613,134,1786.5034865511261,0,1.0
1614,134,1788.390720724617,0,1.0
1615,134,1786.6796695588514,0,1.0
1616,134,1787.4922335998713,0,1.0
1617,134,1787.5655109394029,0,1.0
1618,134,1786.7419118538123,0,1.0
1619,134,1787.7768869153208,0,1.0
1620,135,1786.6110261066024,0,1.0
1621,135,1786.2376879233293,0,1.0
1622,135,1786.619634811834,0,1.0
1623,135,1786.856144461959,0,1.0
1624,135,1786.137256359325,0,1.0
1625,135,1786.2779158763974,0,1.0
1626,135,1786.0430351312727,0,1.0
1627,135,1786.379664186105,0,1.0
1628,135,1786.7024654552472,0,1.0
1629,135,1786.9176593844552,0,1.0
1630,135,1786.5475868533415,0,1.0
1631,135,1786.024680433271,0,1.0
1632,136,1786.3870065173273,0,1.0
1633,136,1786.8219011811855,0,1.0
1634,136,1786.5188490542023,0,1.0
1635,136,1787.2736720312532,0,1.0
1636,136,1786.8015199262275,0,1.0
1637,136,1786.4930604839415,0,1.0
1638,136,1788.4809744585132,0,1.0
1639,136,1786.6648738069655,0,1.0
1640,136,1786.7550877662072,0,1.0
1641,136,1786.593551272354,0,1.0
1642,136,1787.080042370293,0,1.0
1643,136,1786.8123285052734,0,1.0
1644,137,1787.1722246564846,0,1.0
1645,137,1786.7375644244498,0,1.0
1646,137,1786.8424805346317,0,1.0
1647,137,1787.4233956902185,0,1.0
1648,137,1786.974593096303,0,1.0
1649,137,1786.693063421612,0,1.0
1650,137,1787.0571368378637,0,1.0
1651,137,1786.793622678313,0,1.0
1652,137,1786.660873300779,0,1.0
1653,137,1786.7776333462361,0,1.0
1654,137,1787.3468036593,0,1.0
1655,137,1787.2053922537302,0,1.0
1656,138,1787.6253603313237,0,1.0
1657,138,1788.8075716074395,0,1.0
1658,138,1787.8282492562398,0,1.0
1659,138,1788.649349146594,0,1.0
1660,138,1789.3737781141756,0,1.0
1661,138,1787.7729332555355,0,1.0
1662,138,1787.3661867407202,0,1.0
1663,138,1787.3902090880533,0,1.0
1664,138,1787.937736377171,0,1.0
1665,138,1787.7452448075042,0,1.0
1666,138,1787.684996678978,0,1.0
1667,138,1787.1840536165369,0,1.0
1668,139,1787.8487677613793,0,1.0
1669,139,1788.2601766150583,0,1.0
1670,139,1788.0767199551494,0,1.0
1671,139,1788.3814307939829,0,1.0
1672,139,1789.7545662545663,0,1.0
1673,139,1787.7847773532712,0,1.0
1674,139,1787.9396084053644,0,1.0
1675,139,1787.9126431926973,0,1.0
1676,139,1788.2285372924564,0,1.0
1677,139,1788.5825613266388,0,1.0
1678,139,1788.3638008573053,0,1.0
1679,139,1788.0993775628824,0,1.0
1680,140,1788.1801482187805,0,1.0
1681,140,1789.2032689447324,0,1.0
1682,140,1788.4175840777534,0,1.0
1683,140,1788.6965058087753,0,1.0
1684,140,1788.5987136413628,0,1.0
1685,140,1789.5105671605843,0,1.0
1686,140,1788.8151148433453,0,1.0
1687,140,1789.189791466546,0,1.0
1688,140,1789.178110490394,0,1.0
1689,140,1789.454944248878,0,1.0
1690,140,1788.3095167337992,0,1.0
1691,140,1788.2519568082143,0,1.0
1692,141,1788.823570900935,0,1.0
1693,141,1788.5875905392372,0,1.0
1694,141,1789.1437220734117,0,1.0
1695,141,1791.6477590477962,0,1.0
1696,141,1789.524646750834,0,1.0
1697,141,1788.5319892428654,0,1.0
1698,141,1788.3567302807319,0,1.0
1699,141,1789.485141423152,0,1.0
1700,141,1789.1071032552684,0,1.0
1701,141,1788.8521452390496,0,1.0
1702,141,1788.6914058405291,0,1.0
1703,141,1788.397169665025,0,1.0
1704,142,1788.7412995357374,0,1.0
1705,142,1788.7618925067784,0,1.0
1706,142,1790.2497070639279,0,1.0
1707,142,1788.2511307834368,0,1.0
1708,142,1788.8453285702894,0,1.0
1709,142,1789.0202528436562,0,1.0
1710,142,1789.0169002938592,0,1.0
1711,142,1789.315105079549,0,1.0
1712,142,1789.2853894617651,0,1.0
1713,142,1788.7265996090846,0,1.0
1714,142,1788.6878550102886,0,1.0
1715,142,1788.276518185083,0,1.0
1716,143,1788.7573089995244,0,1.0
1717,143,1788.82117234758,0,1.0
1718,143,1791.0375330130973,0,1.0
1719,143,1789.2158800661118,0,1.0
1720,143,1789.4489058702832,0,1.0
1721,143,1789.3355376952222,0,1.0
1722,143,1788.9978173857467,0,1.0
1723,143,1788.767590576874,0,1.0
1724,143,1788.2317458202108,0,1.0
1725,143,1789.444094719511,0,1.0
1726,143,1789.0811789972433,0,1.0
1727,143,1789.232880357513,0,1.0
1728,144,1786.3485268548056,0,1.0
1729,144,1786.0078337719528,0,1.0
1730,144,1786.6593911844986,0,1.0
1731,144,1786.152846426729,0,1.0
1732,144,1786.5812217112807,0,1.0
1733,144,1786.7634423619113,0,1.0
1734,144,1786.0549169246488,0,1.0
1735,144,1785.9724975114789,0,1.0
1736,144,1786.63833462005,0,1.0
1737,144,1786.627786570921,0,1.0
1738,144,1786.5530493342799,0,1.0
1739,144,1786.4148156878182,0,1.0
1740,145,1786.2488958212803,0,1.0
1741,145,1786.6705256289592,0,1.0
1742,145,1786.075468810674,0,1.0
1743,145,1786.6828054543648,0,1.0
1744,145,1787.098883678765,0,1.0
1745,145,1786.6587097887307,0,1.0
1746,145,1786.082765963965,0,1.0
1747,145,1786.6233927616381,0,1.0
1748,145,1786.2253260443676,0,1.0
1749,145,1786.8256318391964,0,1.0
1750,145,1786.3431164506464,0,1.0
1751,145,1786.5537472945812,0,1.0
1752,146,805.8166469304166,57,0.4060374149659864
1753,146,584.9749999999999,70,0.1875
1754,146,551.6416666666667,72,0.18154761904761904
1755,146,551.6416666666667,72,0.18154761904761904
1756,146,551.6416666666667,72,0.18154761904761904
1757,146,1018.3083333333334,44,0.42389455782312924
1758,146,1051.6416666666667,42,0.44260204081632654
1759,146,1051.6416666666667,42,0.44260204081632654
1760,146,1051.6416666666667,42,0.44260204081632654
1761,146,1051.6416666666667,42,0.44260204081632654
1762,146,1051.6416666666667,42,0.44260204081632654
1763,146,1051.6416666666667,42,0.44260204081632654
1764,147,1051.6416666666667,42,0.44260204081632654
1765,147,1051.6416666666667,42,0.44260204081632654
1766,147,1051.6416666666667,42,0.44260204081632654
1767,147,1051.6416666666667,42,0.44260204081632654
1768,147,1051.6416666666667,42,0.44260204081632654
1769,147,1051.6416666666667,42,0.44260204081632654
1770,147,1051.6416666666667,42,0.44260204081632654
1771,147,1051.6416666666667,42,0.44260204081632654
1772,147,1051.6416666666667,42,0.44260204081632654
1773,147,1051.6416666666667,42,0.44260204081632654
1774,147,1051.6416666666667,42,0.44260204081632654
1775,147,1051.6416666666667,42,0.44260204081632654
1776,148,1051.6416666666667,42,0.44260204081632654
1777,148,1051.6416666666667,42,0.44260204081632654
1778,148,1051.6416666666667,42,0.44260204081632654
1779,148,1051.6416666666667,42,0.44260204081632654
1780,148,1051.6416666666667,42,0.44260204081632654
1781,148,1051.6416666666667,42,0.44260204081632654
1782,148,1051.6416666666667,42,0.44260204081632654
1783,148,1051.6416666666667,42,0.44260204081632654
1784,148,1051.6416666666667,42,0.44260204081632654
1785,148,1051.6416666666667,42,0.44260204081632654
1786,148,1051.6416666666667,42,0.44260204081632654
1787,148,1051.6416666666667,42,0.44260204081632654
1788,149,1051.6416666666667,42,0.44260204081632654
1789,149,1051.6416666666667,42,0.44260204081632654
1790,149,1051.6416666666667,42,0.44260204081632654
1791,149,1051.6416666666667,42,0.44260204081632654
1792,149,1051.6416666666667,42,0.44260204081632654
1793,149,1051.6416666666667,42,0.44260204081632654
1794,149,1051.6416666666667,42,0.44260204081632654
1795,149,1051.6416666666667,42,0.44260204081632654
1796,149,1051.6416666666667,42,0.44260204081632654
1797,149,1051.6416666666667,42,0.44260204081632654
1798,149,1051.6416666666667,42,0.44260204081632654
1799,149,1051.6416666666667,42,0.44260204081632654
1800,150,1766.9745248147558,0,1.0
1801,150,1766.8182112363613,0,1.0
1802,150,1767.0665402025243,0,1.0
1803,150,1786.2547980954596,0,1.0
1804,150,1786.100659169606,0,1.0
1805,150,1786.2288034195412,0,1.0
1806,150,1786.8566397194602,0,1.0
1807,150,1787.0458272565913,0,1.0
1808,150,1786.2978562572555,0,1.0
1809,150,1786.4264236511165,0,1.0
1810,150,1786.2384355567094,0,1.0
1811,150,1786.7422969747176,0,1.0
1812,151,1786.9912982746023,0,1.0
1813,151,1786.7076880211825,0,1.0
1814,151,1787.6294166741127,0,1.0
1815,151,1786.211034810181,0,1.0
1816,151,1786.1096111023016,0,1.0
1817,151,1786.525429326185,0,1.0
1818,151,1786.6962814422209,0,1.0
1819,151,1787.1383140452956,0,1.0
1820,151,1786.81296398195,0,1.0
1821,151,1786.313307255353,0,1.0
1822,151,1787.8788416461423,0,1.0
1823,151,1786.8781635123291,0,1.0
1824,152,1786.3168085302727,0,1.0
1825,152,1786.6521272194661,0,1.0
1826,152,1786.141253211536,0,1.0
1827,152,1786.7232737461327,0,1.0
1828,152,1786.1445525980948,0,1.0
1829,152,1786.3115537954764,0,1.0
1830,152,1786.595880579333,0,1.0
1831,152,1786.2213238195282,0,1.0
1832,152,1786.109660562451,0,1.0
1833,152,1786.2731991958663,0,1.0
1834,152,1787.0542930737204,0,1.0
1835,152,1787.9203565103383,0,1.0
1836,153,1786.653727849403,0,1.0
1837,153,1786.6290973541056,0,1.0
1838,153,1787.0185291789078,0,1.0
1839,153,1786.5901520396437,0,1.0
1840,153,1786.8417476210307,0,1.0
1841,153,1786.3167130720553,0,1.0
1842,153,1786.269324811176,0,1.0
1843,153,1787.7821457150158,0,1.0
1844,153,1786.679646166701,0,1.0
1845,153,1786.6966582618018,0,1.0
1846,153,1786.760410929347,0,1.0
1847,153,1786.2657019539106,0,1.0
1848,154,1786.5075838798443,0,1.0
1849,154,1786.638459695639,0,1.0
1850,154,1786.501858365567,0,1.0
1851,154,1786.8841774924867,0,1.0
1852,154,1786.39686625997,0,1.0
1853,154,1786.8545452087649,0,1.0
1854,154,1787.1597536645454,0,1.0
1855,154,1786.8497644993124,0,1.0
1856,154,1786.9172753685557,0,1.0
1857,154,1786.6264884468246,0,1.0
1858,154,1786.5791527030601,0,1.0
1859,154,1786.510642162448,0,1.0
1860,155,1787.57271040136,0,1.0
1861,155,1788.219809479908,0,1.0
1862,155,1787.4237452378566,0,1.0
1863,155,1787.6235570879248,0,1.0
1864,155,1786.8378457255171,0,1.0
1865,155,1786.6687019784495,0,1.0
1866,155,1786.5797525339115,0,1.0
1867,155,1786.6315360091894,0,1.0
1868,155,1786.6246097585383,0,1.0
1869,155,1786.6190069346524,0,1.0
1870,155,1786.215903516728,0,1.0
1871,155,1786.7899114614777,0,1.0
1872,156,1786.7024527970625,0,1.0
1873,156,1787.43674226933,0,1.0
1874,156,1786.4790398317296,0,1.0
1875,156,1786.7196536529102,0,1.0
1876,156,1786.4577953958606,0,1.0
1877,156,1787.6444081919203,0,1.0
1878,156,1786.707375464744,0,1.0
1879,156,1787.3152157765783,0,1.0
1880,156,1787.314321605849,0,1.0
1881,156,1786.4528536522769,0,1.0
1882,156,1786.944734527522,0,1.0
1883,156,1786.8488774941166,0,1.0
1884,157,1786.8462336221903,0,1.0
1885,157,1786.7231899984904,0,1.0
1886,157,1787.1079231478911,0,1.0
1887,157,1786.5936156919274,0,1.0
1888,157,1786.4419402844937,0,1.0
1889,157,1786.7670602773928,0,1.0
1890,157,1786.862239847721,0,1.0
1891,157,1786.880789341638,0,1.0
1892,157,1787.0184802821161,0,1.0
1893,157,1786.588137875202,0,1.0
1894,157,1787.197065059724,0,1.0
1895,157,1786.5586424463509,0,1.0
1896,158,1786.5468047073202,0,1.0
1897,158,1786.6024390963496,0,1.0
1898,158,1787.4330749494734,0,1.0
1899,158,1786.5727845585973,0,1.0
1900,158,1786.5962686703215,0,1.0
1901,158,1787.1937181974592,0,1.0
1902,158,1786.2972835625033,0,1.0
1903,158,1787.052938923824,0,1.0
1904,158,1786.474491947408,0,1.0
1905,158,1786.8013790864625,0,1.0
1906,158,1787.2292118373045,0,1.0
1907,158,1787.309302121596,0,1.0
1908,159,1786.4667224190737,0,1.0
1909,159,1787.0237572796227,0,1.0
1910,159,1787.9035452019748,0,1.0
1911,159,1786.849036577068,0,1.0
1912,159,1786.833397735258,0,1.0
1913,159,1786.4999437784159,0,1.0
1914,159,1786.9829902069234,0,1.0
1915,159,1786.2855039200144,0,1.0
1916,159,1786.3030435383603,0,1.0
1917,159,1786.6355822777798,0,1.0
1918,159,1786.7665408599198,0,1.0
1919,159,1786.5939222941665,0,1.0
1920,160,1786.7542978538654,0,1.0
1921,160,1787.1904120372737,0,1.0
1922,160,1786.9577191384988,0,1.0
1923,160,1786.9274607741163,0,1.0
1924,160,1786.6903156764356,0,1.0
1925,160,1787.2245329591608,0,1.0
1926,160,1786.737588133185,0,1.0
1927,160,1786.5333982287834,0,1.0
1928,160,1786.5929629865973,0,1.0
1929,160,1787.1613702567133,0,1.0
1930,160,1787.1525054988315,0,1.0
1931,160,1787.2590733319962,0,1.0
1932,161,1787.358885823008,0,1.0
1933,161,1787.2849810133307,0,1.0
1934,161,1786.8968447721836,0,1.0
1935,161,1788.0835964472449,0,1.0
1936,161,1787.4786757739414,0,1.0
1937,161,1786.8595906511896,0,1.0
1938,161,1787.3667548159685,0,1.0
1939,161,1787.1927275944856,0,1.0
1940,161,1787.3091024385778,0,1.0
1941,161,1787.1468772060075,0,1.0
1942,161,1786.9054784828224,0,1.0
1943,161,1787.4271858935147,0,1.0
1944,162,1788.7137393854257,0,1.0
1945,162,1787.7161060266453,0,1.0
1946,162,1787.4672335766727,0,1.0
1947,162,1787.3126982040535,0,1.0
1948,162,1787.771326794722,0,1.0
1949,162,1790.0016306314756,0,1.0
1950,162,1787.3429452121927,0,1.0
1951,162,1787.7640678434911,0,1.0
1952,162,1788.5359281070946,0,1.0
1953,162,1787.8458693643129,0,1.0
1954,162,1787.5548451255584,0,1.0
1955,162,1791.0939851895193,0,1.0
1956,163,1789.6193296367492,0,1.0
1957,163,1788.7027265588154,0,1.0
1958,163,1791.193222062277,0,1.0
1959,163,1789.4384270308565,0,1.0
1960,163,1788.6230536077355,0,1.0
1961,163,1790.4402520117458,0,1.0
1962,163,1788.4411617174228,0,1.0
1963,163,1789.2820752131288,0,1.0
1964,163,1788.2564405037076,0,1.0
1965,163,1788.758219081908,0,1.0
1966,163,1788.741408820681,0,1.0
1967,163,1788.526165443372,0,1.0
1968,164,1788.8832347465107,0,1.0
1969,164,1789.2208658268219,0,1.0
1970,164,1790.8805714625505,0,1.0
1971,164,1789.3784837030444,0,1.0
1972,164,1789.4552978238937,0,1.0
1973,164,1789.296255230748,0,1.0
1974,164,1788.2629254156936,0,1.0
1975,164,1788.9516344132758,0,1.0
1976,164,1788.8311863693339,0,1.0
1977,164,1788.6971609073744,0,1.0
1978,164,1789.4672538876898,0,1.0
1979,164,1788.6479180495385,0,1.0
1980,165,1790.157425104565,0,1.0
1981,165,1788.5758170500462,0,1.0
1982,165,1789.1738383000288,0,1.0
1983,165,1789.5270759077716,0,1.0
1984,165,1789.9061458675008,0,1.0
1985,165,1789.8063615701167,0,1.0
1986,165,1790.219985463617,0,1.0
1987,165,1789.0652473036073,0,1.0
1988,165,1789.2052497450259,0,1.0
1989,165,1789.5206453818785,0,1.0
1990,165,1789.5599241499435,0,1.0
1991,165,1789.4235736319508,0,1.0
1992,166,1788.6757531755823,0,1.0
1993,166,1790.3315213657127,0,1.0
1994,166,1789.1221960543073,0,1.0
1995,166,1789.0985471992644,0,1.0
1996,166,1790.0948454926543,0,1.0
1997,166,1789.4106678201715,0,1.0
1998,166,1789.348628847144,0,1.0
1999,166,1789.5746973293049,0,1.0
2000,166,1791.3930074311274,0,1.0
2001,166,1789.837051818899,0,1.0
2002,166,1788.9982851873533,0,1.0
2003,166,1789.4463454405122,0,1.0
2004,167,1788.5921118115189,0,1.0
2005,167,1795.7956379331793,0,1.0
2006,167,1789.5518038391576,0,1.0
2007,167,1788.8047446791857,0,1.0
2008,167,1789.8824373277869,0,1.0
2009,167,1788.7493143433621,0,1.0
2010,167,1788.9856830894064,0,1.0
2011,167,1790.080494065157,0,1.0
2012,167,1789.1151852001567,0,1.0
2013,167,1789.1527535331927,0,1.0
2014,167,1788.5424484648497,0,1.0
2015,167,1789.273067155964,0,1.0
